{
  "project_info": {
    "project_number": "41560077831",
    "firebase_url": "https://cryptolearn-f14bf.firebaseio.com",
    "project_id": "cryptolearn-f14bf",
    "storage_bucket": "cryptolearn-f14bf.appspot.com"
  },
  "client": [
    {
      "client_info": {
        "mobilesdk_app_id": "1:41560077831:android:44ed21a5c85b2cd5d65ca2",
        "android_client_info": {
          "package_name": "com.instaforex.android.cryptolearn"
        }
      },
      "oauth_client": [
        {
          "client_id": "41560077831-lb6cblq0i81gpucnv848sg7cont4nmke.apps.googleusercontent.com",
          "client_type": 1,
          "android_info": {
            "package_name": "com.instaforex.android.cryptolearn",
            "certificate_hash": "b0a73d8e6e369c619b7376b1e225584e523cadbd"
          }
        },
        {
          "client_id": "41560077831-fvovgfd54bo2ehup1rmepgpbbj4847f0.apps.googleusercontent.com",
          "client_type": 1,
          "android_info": {
            "package_name": "com.instaforex.android.cryptolearn",
            "certificate_hash": "cd84eedf274b12fd3fd138b72a07be7f264319ec"
          }
        },
        {
          "client_id": "41560077831-2lnmiohr467ggplh9sqlntvevl7i2jh4.apps.googleusercontent.com",
          "client_type": 3
        }
      ],
      "api_key": [
        {
          "current_key": "AIzaSyDUpMVcEAzIe61NBZAytCnQX0olYl3iig8"
        }
      ],
      "services": {
        "appinvite_service": {
          "other_platform_oauth_client": [
            {
              "client_id": "41560077831-2lnmiohr467ggplh9sqlntvevl7i2jh4.apps.googleusercontent.com",
              "client_type": 3
            }
          ]
        }
      }
    }
  ],
  "configuration_version": "1"
}
